age,smoking_years,air_pollution,alcohol_intake,coughing,fatigue,weight_loss,shortness_of_breath,chest_pain,diagnosis
65,40,85,3,1,1,1,1,1,1
59,35,75,2,1,1,0,1,0,1
72,50,90,1,1,1,1,1,1,1
45,10,40,4,0,0,0,0,0,0
38,5,30,1,0,0,0,0,0,0
54,20,65,2,1,1,0,1,0,1
63,25,70,3,1,1,1,1,1,1
58,18,60,2,1,1,0,1,0,1
47,12,55,3,0,0,0,0,0,0
69,45,88,2,1,1,1,1,1,1
51,8,50,1,0,0,0,0,0,0
56,22,68,2,1,0,0,1,0,1
62,30,80,3,1,1,1,1,1,1
43,6,35,1,0,0,0,0,0,0
49,15,58,2,1,0,0,0,0,0
67,32,82,3,1,1,1,1,1,1
53,14,52,1,0,0,0,0,0,0
61,27,74,2,1,1,1,1,0,1
46,9,45,2,0,0,0,0,0,0
70,48,92,3,1,1,1,1,1,1

